<?xml version="1.0" encoding="utf-8"?><SerialDev><MountPoint Name="CH1"
BusID="0x00" Baudrate="9600" DataBits="8" CheckBits="None" StopBits="1"><Dev
DevName="温湿度传感器" DevType="1" Protocal="Modbus" DevID="1"
DevAddr="5" NoAck="3" /><Dev DevName="温湿度传感器2" DevType="1"
Protocal="Modbus" DevID="2" DevAddr="5" NoAck="3"><Param><Name>温度</Name><ID>1</ID><DataType>Int</DataType><RWType>R</RWType><RegAddr>5</RegAddr><DataPrecision>0.100000</DataPrecision><AlarmEnable>True</AlarmEnable><AlarmUpper>20.000000</AlarmUpper><AlarmFloor>0.000000</AlarmFloor><SampleFrequency>10000</SampleFrequency></Param><Param><Name>湿度</Name><ID>2</ID><DataType>Int</DataType><RWType>R</RWType><RegAddr>6</RegAddr><DataPrecision>0.100000</DataPrecision><AlarmEnable>True</AlarmEnable><AlarmUpper>60.000000</AlarmUpper><AlarmFloor>10.000000</AlarmFloor><SampleFrequency>10000</SampleFrequency></Param><Param><Name>电压</Name><ID>3</ID><DataType>Int</DataType><RWType>R</RWType><RegAddr>7</RegAddr><DataPrecision>0.100000</DataPrecision><AlarmEnable>True</AlarmEnable><AlarmUpper>6.000000</AlarmUpper><AlarmFloor>4.000000</AlarmFloor><SampleFrequency>10000</SampleFrequency></Param><Param><Name>在线状态</Name><ID>4</ID><DataType>Char</DataType><RWType>R</RWType><RegAddr>8</RegAddr><DataPrecision>1.000000</DataPrecision><AlarmEnable>True</AlarmEnable><AlarmUpper>0.000000</AlarmUpper><AlarmFloor>0.000000</AlarmFloor><SampleFrequency>10000</SampleFrequency></Param></Dev><Dev
DevName="温湿度传感器3" DevType="1" Protocal="Modbus" DevID="3"
DevAddr="5" NoAck="3"><Param><Name>温度</Name><ID>1</ID><DataType>Int</DataType><RWType>R</RWType><RegAddr>9</RegAddr><DataPrecision>0.100000</DataPrecision><AlarmEnable>True</AlarmEnable><AlarmUpper>20.000000</AlarmUpper><AlarmFloor>0.000000</AlarmFloor><SampleFrequency>15000</SampleFrequency></Param><Param><Name>湿度</Name><ID>2</ID><DataType>Int</DataType><RWType>R</RWType><RegAddr>10</RegAddr><DataPrecision>0.100000</DataPrecision><AlarmEnable>True</AlarmEnable><AlarmUpper>60.000000</AlarmUpper><AlarmFloor>10.000000</AlarmFloor><SampleFrequency>15000</SampleFrequency></Param><Param><Name>电压</Name><ID>3</ID><DataType>Int</DataType><RWType>R</RWType><RegAddr>11</RegAddr><DataPrecision>0.100000</DataPrecision><AlarmEnable>True</AlarmEnable><AlarmUpper>6.000000</AlarmUpper><AlarmFloor>4.000000</AlarmFloor><SampleFrequency>15000</SampleFrequency></Param><Param><Name>在线状态</Name><ID>4</ID><DataType>Char</DataType><RWType>R</RWType><RegAddr>12</RegAddr><DataPrecision>1.000000</DataPrecision><AlarmEnable>True</AlarmEnable><AlarmUpper>0.000000</AlarmUpper><AlarmFloor>0.000000</AlarmFloor><SampleFrequency>15000</SampleFrequency></Param></Dev><Dev
DevName="温湿度传感器4" DevType="1" Protocal="Modbus" DevID="4"
DevAddr="5" NoAck="3"><Param><Name>温度</Name><ID>1</ID><DataType>Int</DataType><RWType>R</RWType><RegAddr>13</RegAddr><DataPrecision>0.100000</DataPrecision><AlarmEnable>True</AlarmEnable><AlarmUpper>20.000000</AlarmUpper><AlarmFloor>0.000000</AlarmFloor><SampleFrequency>20000</SampleFrequency></Param><Param><Name>湿度</Name><ID>2</ID><DataType>Int</DataType><RWType>R</RWType><RegAddr>14</RegAddr><DataPrecision>0.100000</DataPrecision><AlarmEnable>True</AlarmEnable><AlarmUpper>60.000000</AlarmUpper><AlarmFloor>10.000000</AlarmFloor><SampleFrequency>20000</SampleFrequency></Param><Param><Name>电压</Name><ID>3</ID><DataType>Int</DataType><RWType>R</RWType><RegAddr>15</RegAddr><DataPrecision>0.100000</DataPrecision><AlarmEnable>True</AlarmEnable><AlarmUpper>6.000000</AlarmUpper><AlarmFloor>4.000000</AlarmFloor><SampleFrequency>20000</SampleFrequency></Param><Param><Name>在线状态</Name><ID>4</ID><DataType>Char</DataType><RWType>R</RWType><RegAddr>16</RegAddr><DataPrecision>1.000000</DataPrecision><AlarmEnable>True</AlarmEnable><AlarmUpper>0.000000</AlarmUpper><AlarmFloor>0.000000</AlarmFloor><SampleFrequency>20000</SampleFrequency></Param></Dev><Dev
DevName="温湿度传感器5" DevType="1" Protocal="Modbus" DevID="5"
DevAddr="5" NoAck="3"><Param><Name>温度</Name><ID>1</ID><DataType>Int</DataType><RWType>R</RWType><RegAddr>17</RegAddr><DataPrecision>0.100000</DataPrecision><AlarmEnable>True</AlarmEnable><AlarmUpper>20.000000</AlarmUpper><AlarmFloor>0.000000</AlarmFloor><SampleFrequency>25000</SampleFrequency></Param><Param><Name>湿度</Name><ID>2</ID><DataType>Int</DataType><RWType>R</RWType><RegAddr>18</RegAddr><DataPrecision>0.100000</DataPrecision><AlarmEnable>True</AlarmEnable><AlarmUpper>60.000000</AlarmUpper><AlarmFloor>10.000000</AlarmFloor><SampleFrequency>25000</SampleFrequency></Param><Param><Name>电压</Name><ID>3</ID><DataType>Int</DataType><RWType>R</RWType><RegAddr>19</RegAddr><DataPrecision>0.100000</DataPrecision><AlarmEnable>True</AlarmEnable><AlarmUpper>6.000000</AlarmUpper><AlarmFloor>4.000000</AlarmFloor><SampleFrequency>25000</SampleFrequency></Param><Param><Name>在线状态</Name><ID>4</ID><DataType>Char</DataType><RWType>R</RWType><RegAddr>20</RegAddr><DataPrecision>1.000000</DataPrecision><AlarmEnable>True</AlarmEnable><AlarmUpper>0.000000</AlarmUpper><AlarmFloor>0.000000</AlarmFloor><SampleFrequency>25000</SampleFrequency></Param></Dev><Dev
DevName="温湿度传感器6" DevType="1" Protocal="Modbus" DevID="6"
DevAddr="5" NoAck="3"><Param><Name>温度</Name><ID>1</ID><DataType>Int</DataType><RWType>R</RWType><RegAddr>21</RegAddr><DataPrecision>0.100000</DataPrecision><AlarmEnable>True</AlarmEnable><AlarmUpper>20.000000</AlarmUpper><AlarmFloor>0.000000</AlarmFloor><SampleFrequency>30000</SampleFrequency></Param><Param><Name>湿度</Name><ID>2</ID><DataType>Int</DataType><RWType>R</RWType><RegAddr>22</RegAddr><DataPrecision>0.100000</DataPrecision><AlarmEnable>True</AlarmEnable><AlarmUpper>60.000000</AlarmUpper><AlarmFloor>10.000000</AlarmFloor><SampleFrequency>30000</SampleFrequency></Param><Param><Name>电压</Name><ID>3</ID><DataType>Int</DataType><RWType>R</RWType><RegAddr>23</RegAddr><DataPrecision>0.100000</DataPrecision><AlarmEnable>True</AlarmEnable><AlarmUpper>6.000000</AlarmUpper><AlarmFloor>4.000000</AlarmFloor><SampleFrequency>30000</SampleFrequency></Param><Param><Name>在线状态</Name><ID>4</ID><DataType>Char</DataType><RWType>R</RWType><RegAddr>24</RegAddr><DataPrecision>1.000000</DataPrecision><AlarmEnable>True</AlarmEnable><AlarmUpper>0.000000</AlarmUpper><AlarmFloor>0.000000</AlarmFloor><SampleFrequency>30000</SampleFrequency></Param></Dev></MountPoint></SerialDev>
